{"Training Loss": 0.6378231644630432, "Step": 262, "_timestamp": 1702622611.351903, "_runtime": 59.66570997238159, "_step": 261, "_wandb": {"runtime": 58}}