{"Accuracy": {"Precision": 0.7398373983739778, "Recall": 0.590909090909087, "Accuracy": 0.7031249999999978, "F1 Score": 0.6570397111908373}, "Recall": {"Precision": 0.7398373983739778, "Recall": 0.590909090909087, "Accuracy": 0.7031249999999978, "F1 Score": 0.6570397111908373}, "Precision": {"Precision": 0.7398373983739778, "Recall": 0.590909090909087, "Accuracy": 0.7031249999999978, "F1 Score": 0.6570397111908373}, "Step": 79, "_timestamp": 1702445235.9166276, "_runtime": 10.345473527908325, "_step": 79, "_wandb": {"runtime": 9}}