{"Accuracy": 0.7257105089226698, "Step": 378, "_timestamp": 1702459149.1668582, "_runtime": 28.229629278182983, "_step": 1515, "Precision": 0.7719298245614022, "Recall": 0.6402116402116393, "F1 Score": 0.6999276934196046, "_wandb": {"runtime": 27}}