{"Accuracy": {"Precision": 0.9999999999999821, "Recall": 0.6666666666666587, "Accuracy": 0.6666666666666587, "F1 Score": 0.7999999999995087}, "Recall": {"Precision": 0.9999999999999821, "Recall": 0.6666666666666587, "Accuracy": 0.6666666666666587, "F1 Score": 0.7999999999995087}, "Precision": {"Precision": 0.9999999999999821, "Recall": 0.6666666666666587, "Accuracy": 0.6666666666666587, "F1 Score": 0.7999999999995087}, "Step": 20, "_timestamp": 1702446731.196485, "_runtime": 6.74601411819458, "_step": 20, "_wandb": {"runtime": 5}}