{"Training Loss": 0.8754361867904663, "Step": 5233, "_timestamp": 1702632244.782523, "_runtime": 1207.6354749202728, "_step": 12812, "Accuracy": 0.8248512888301383, "Precision": 0.854256854256853, "Recall": 0.783068783068782, "F1 Score": 0.8171152518973605, "_wandb": {"runtime": 1206}}