{"Training Loss": 0.8915494680404663, "Step": 6602, "_timestamp": 1702625161.818545, "_runtime": 1360.8476221561432, "_step": 6601, "_wandb": {"runtime": 1360}}