{"Training Loss": 0.5976572036743164, "Step": 710, "_timestamp": 1702621716.1172166, "_runtime": 152.97415447235107, "_step": 709, "_wandb": {"runtime": 152}}