{"Accuracy": 0.7976190476190381, "Step": 20, "_timestamp": 1702632829.8307142, "_runtime": 7.018479108810425, "_step": 83, "Precision": 0.7999999999999771, "Recall": 0.7368421052631384, "F1 Score": 0.7671232876707126, "_wandb": {"runtime": 5}}