{"Validation Accuracy": {"Precision": 0.8055555555555332, "Recall": 0.9999999999999656, "Accuracy": 0.8813559322033748, "F1 Score": 0.8923076923071706}, "Validation Recall": {"Precision": 0.8055555555555332, "Recall": 0.9999999999999656, "Accuracy": 0.8813559322033748, "F1 Score": 0.8923076923071706}, "Validation Precision": {"Precision": 0.8055555555555332, "Recall": 0.9999999999999656, "Accuracy": 0.8813559322033748, "F1 Score": 0.8923076923071706}, "Step": 14, "_timestamp": 1702038502.45387, "_runtime": 6.0801451206207275, "_step": 14, "_wandb": {"runtime": 5}}