{"Accuracy": {"Precision": 0.8055555555555332, "Recall": 0.9999999999999656, "Accuracy": 0.8813559322033748, "F1 Score": 0.8923076923071706}, "Recall": {"Precision": 0.8055555555555332, "Recall": 0.9999999999999656, "Accuracy": 0.8813559322033748, "F1 Score": 0.8923076923071706}, "Precision": {"Precision": 0.8055555555555332, "Recall": 0.9999999999999656, "Accuracy": 0.8813559322033748, "F1 Score": 0.8923076923071706}, "Step": 14, "_timestamp": 1702271437.02038, "_runtime": 6.335665941238403, "_step": 14, "_wandb": {"runtime": 5}}