{"Accuracy": {"Precision": 0.7719298245614022, "Recall": 0.6402116402116393, "Accuracy": 0.7257105089226698, "F1 Score": 0.6999276934196046}, "Recall": {"Precision": 0.7719298245614022, "Recall": 0.6402116402116393, "Accuracy": 0.7257105089226698, "F1 Score": 0.6999276934196046}, "Precision": {"Precision": 0.7719298245614022, "Recall": 0.6402116402116393, "Accuracy": 0.7257105089226698, "F1 Score": 0.6999276934196046}, "Step": 378, "_timestamp": 1702448739.6382468, "_runtime": 28.835137844085693, "_step": 378, "_wandb": {"runtime": 28}}