{"Training Loss": 0.7135634422302246, "Step": 208, "_timestamp": 1702623770.7737753, "_runtime": 48.30526542663574, "_step": 207, "_wandb": {"runtime": 47}}