{"Training Loss": 0.8281665444374084, "Step": 546, "_timestamp": 1702623223.130452, "_runtime": 118.06984901428223, "_step": 545, "_wandb": {"runtime": 117}}