{"Accuracy": 0.79999999999999, "Step": 19, "_timestamp": 1702632901.7791893, "_runtime": 6.675284385681152, "_step": 79, "Precision": 0.7941176470588002, "Recall": 0.7499999999999791, "F1 Score": 0.7714285714280497, "_wandb": {"runtime": 5}}