{"Accuracy": 0.8248512888301383, "Step": 378, "_timestamp": 1702632962.4872584, "_runtime": 27.77307438850403, "_step": 1515, "Precision": 0.854256854256853, "Recall": 0.783068783068782, "F1 Score": 0.8171152518973605, "_wandb": {"runtime": 27}}